web site, website, internet site, site	0.8907701373100281
menu	0.0036376425996422768
monitor	0.0018526039784774184
screen, CRT screen	0.001841831486672163
analog clock	0.0017735683359205723
