web site, website, internet site, site	0.6088576316833496
television, television system	0.056650057435035706
monitor	0.019958283752202988
notebook, notebook computer	0.016072208061814308
iPod	0.01179817970842123
