web site, website, internet site, site	0.1163666844367981
laptop, laptop computer	0.0807962566614151
notebook, notebook computer	0.05348580703139305
joystick	0.04790791869163513
monitor	0.04169079661369324
