ashcan, trash can, garbage can, wastebin, ash bin, ash-bin, ashbin, dustbin, trash barrel, trash bin	0.15497566759586334
joystick	0.06404933333396912
cannon	0.03585103154182434
maraca	0.02726832963526249
pedestal, plinth, footstall	0.027154820039868355
