web site, website, internet site, site	0.9409151673316956
analog clock	0.0036712565924972296
envelope	0.002909436821937561
monitor	0.0022511144634336233
screen, CRT screen	0.0021692963782697916
