web site, website, internet site, site	0.4971880316734314
monitor	0.07829876989126205
notebook, notebook computer	0.05802885442972183
iPod	0.0329245924949646
desktop computer	0.024976100772619247
