web site, website, internet site, site	0.12342077493667603
maze, labyrinth	0.07148678600788116
comic book	0.04789261892437935
joystick	0.04420957341790199
television, television system	0.037576720118522644
