web site, website, internet site, site	0.6217044591903687
television, television system	0.08697404712438583
monitor	0.04946422204375267
screen, CRT screen	0.03222672641277313
hand-held computer, hand-held microcomputer	0.02867797389626503
