web site, website, internet site, site	0.2275332808494568
envelope	0.09162567555904388
Band Aid	0.03712098300457001
pinwheel	0.029456494376063347
airship, dirigible	0.024857865646481514
