web site, website, internet site, site	0.42240995168685913
comic book	0.03247756138443947
carousel, carrousel, merry-go-round, roundabout, whirligig	0.02088976837694645
fountain	0.01781134307384491
safety pin	0.014400497078895569
