web site, website, internet site, site	0.36779189109802246
envelope	0.16913513839244843
binder, ring-binder	0.05812036246061325
tray	0.017636902630329132
monitor	0.017210371792316437
