web site, website, internet site, site	0.3661857843399048
safety pin	0.020037969574332237
sunglasses, dark glasses, shades	0.0167746189981699
toilet seat	0.015619936399161816
washer, automatic washer, washing machine	0.014380029402673244
