laptop, laptop computer	0.49859192967414856
web site, website, internet site, site	0.10645917803049088
monitor	0.06384018808603287
screen, CRT screen	0.029848331585526466
notebook, notebook computer	0.02801426686346531
