web site, website, internet site, site	0.5862426161766052
monitor	0.07197427749633789
television, television system	0.05955268442630768
comic book	0.04756322130560875
teapot	0.014249833300709724
