web site, website, internet site, site	0.5958576202392578
comic book	0.03350866585969925
iPod	0.02989150770008564
screen, CRT screen	0.024832455441355705
television, television system	0.02016749605536461
