aircraft carrier, carrier, flattop, attack aircraft carrier	0.09968294948339462
pole	0.03657454252243042
wing	0.02655319683253765
lakeside, lakeshore	0.024369418621063232
magnetic compass	0.023960646241903305
